"INDEX","P_TARGET"
3,1.99257209228181
9,3.94574321443213
10,2.35082081538944
18,2.37199590520545
21,0.899004210119072
30,5.7001140969901
31,3.74841805166496
37,1.71307263572092
39,0.344809386049793
47,1.58472448478521
60,2.52830709473695
62,0.318162788242176
63,3.73149673459113
64,1.33288655570465
68,1.1498375271933
75,2.73131930914645
76,2.50230054660828
83,0.0683379500757511
87,3.8543737347712
92,5.43661102593288
98,2.02496123440641
106,1.90498498940722
107,0.773891483443889
113,2.44572448579089
120,3.76966796449722
123,5.12749362495847
125,2.91968810559575
126,5.85727275981801
128,4.63048520136188
129,2.42310230959094
131,4.23602942979433
135,1.25861020252284
141,4.42096012800228
147,3.12535721883068
148,1.18962018154943
151,3.89933653573194
156,2.82516428029968
157,3.27675176213088
174,1.79608539610089
186,0.490073377607484
193,2.47307893776342
195,1.17780554775281
212,0.852770196232496
213,0.886258736378291
217,3.02879256549711
223,4.020485389304
226,3.13390447633199
228,4.67366242683082
230,4.24017810322229
241,2.40243277791497
243,3.84144593812437
249,1.24818978876642
281,4.21126303938225
288,0.311500462023378
294,1.50838684431553
295,1.77407311953098
300,5.26073070986438
302,4.36846366135124
303,1.82687645117218
308,1.72655869878748
319,4.81720428657926
320,1.1682345619116
324,2.64833208553072
331,2.5832444554412
343,2.69664556737428
347,2.38527059330243
348,3.69675089762144
350,4.70946354797857
357,1.06613046957691
358,3.82692217704678
360,4.39531574302917
366,3.46586389186564
367,2.5352197679156
368,4.87500186947449
376,2.19556871788305
380,3.36700436770977
388,0.465059359853824
396,4.47567513300486
398,4.64480137713109
403,4.09675966347538
410,1.81893075687685
412,0.840484880489246
420,2.33584413254668
434,2.42616996550819
440,3.08970912386106
450,3.66983225548458
453,2.61352612879553
464,4.70409409927803
465,4.65070170695517
466,4.7955158599549
473,2.24292450955791
476,1.90853044549548
478,1.7245937208645
479,3.04066295229459
493,2.64202621653003
497,3.10498036409613
503,3.84697467959772
504,3.63291235012872
505,1.95899523958319
507,0.286978264855175
513,2.5909703586638
519,2.27502066763527
521,3.79161251726291
522,3.91338023494984
545,3.10976366783266
549,2.05599575095925
551,0.845420887809232
556,6.35694356640557
557,6.12582010378554
559,1.69995893972715
560,2.41275447694527
566,3.79146849093776
569,4.39944362862499
573,2.48243103772978
578,1.25560955942636
579,5.34194290886426
582,5.00191194703176
596,4.27824929565106
598,1.81312096338136
599,1.25461024307169
602,2.78550371859606
605,1.51256911943294
617,2.65529149269608
619,5.73187888464312
630,3.30579026309118
634,3.73795895376964
643,2.26734074358857
645,0.592560600228667
647,4.602947688753
649,2.76992326651558
656,3.82369652919218
657,4.89473097244617
658,3.06320907373977
667,3.22989743152427
692,3.05167169949254
693,4.20064835503272
698,0.156094673499265
699,3.81738386195712
700,6.07256072875371
704,3.02160957834281
707,3.1117623706543
708,4.7559456547869
709,3.04754340667425
713,0.586976406596156
714,2.87147128252083
716,2.05617911968164
718,3.84291336816885
722,4.2219787780273
729,6.14645052606754
731,2.43061960891463
733,3.65207249375915
746,3.0676203142121
747,3.54255709626836
748,1.16518418546105
753,1.27147358006413
757,1.42336566904086
763,3.00682155771061
767,5.6403280721615
774,2.92195822678598
776,1.00046253512269
788,0.947377658789985
794,3.88338751254562
799,1.89231042060311
803,4.2641736044798
806,4.10841143101318
807,3.76693153424559
811,4.2525109795551
816,5.81323347347889
818,3.67101229203248
819,1.55633067942748
831,5.46264710532603
835,5.08259361366683
837,1.46675620885242
841,1.61510329230881
846,1.39692777708698
856,5.50153325552455
861,4.44098123005051
862,1.14102597087643
863,2.87307115277353
865,3.88827626528258
871,2.59697060191064
879,1.3901929836657
880,2.57877894467972
881,3.59129449837716
885,3.7435028143878
887,2.94554078363748
892,0.853711993554668
898,3.87790954291507
900,1.07184276474183
904,1.21072616998902
906,5.14959634211948
910,4.02552976601498
912,4.10174788394294
913,2.51488528974631
919,4.65958169649311
924,1.25320826032299
925,3.20370207265707
930,2.95773426105028
940,1.72992468964904
941,3.51290223913359
946,0.389216519490353
949,5.16613003376681
951,1.52880973099375
962,4.00560963699901
966,2.28673148254606
967,4.7236846272616
971,1.12478508431625
981,3.12787625106793
982,2.96645086383216
983,1.54411204568719
984,1.81108038620797
989,1.89448862433799
990,4.60371183150918
992,2.98607928677534
995,5.48121417292751
996,1.50317476451043
998,0.784075870556292
1001,3.5825356751782
1007,1.56046030440877
1008,2.48058723312108
1016,2.54223423020323
1022,2.37287555840946
1027,5.22297687773668
1032,0.932547148585591
1033,3.72228425160228
1041,4.67110750500579
1065,1.05259862440343
1074,2.14273027165513
1075,0.750077903209457
1081,1.18584814031251
1094,4.25493886914616
1099,2.90762343165518
1105,2.83215713919785
1123,1.58401154170111
1135,1.17053867454782
1142,2.39471574722703
1155,2.32844834643257
1169,2.77344612978676
1176,3.26932111170027
1178,3.97883658034002
1180,3.59269387572993
1184,0.435063434893226
1185,1.39262650911412
1193,0.60500934622162
1196,1.30497682795561
1199,1.57070945298366
1203,2.54873701546391
1205,2.53743212387889
1207,2.42595283616956
1208,1.53973565577866
1212,0.54963890291857
1213,1.27020422621685
1222,1.24045820530902
1223,2.00421207860034
1226,4.23506293584999
1227,5.89437540081004
1229,1.37565692987758
1230,4.55956775001378
1231,2.98574770302068
1241,1.12070898727349
1243,4.25235930496259
1244,5.75833054510759
1246,4.35946410509506
1248,2.56763723718466
1249,3.93614606617837
1252,3.67064759968786
1261,3.52387874414392
1275,3.22447495197781
1281,1.86218426789882
1285,4.14401897215074
1288,0.760120968225427
1290,3.81868677896863
1291,1.41900888330375
1304,4.46917337100324
1305,2.16208416014901
1323,4.4504840401743
1342,1.30011038559621
1348,2.30567196808563
1353,3.8209114562262
1363,3.05548409941641
1371,3.81647169221509
1372,0.836902803357082
1378,1.08029616492829
1381,4.02578149862989
1382,4.28104427264193
1393,4.45055248862634
1394,5.23253489947093
1398,5.8307293712163
1404,2.83844482164222
1405,3.80513036732318
1419,1.61045267922261
1421,2.04916148585523
1426,1.30251603402393
1431,1.59458336510612
1435,2.90421583962829
1437,1.88889258835273
1438,1.65348097873192
1442,0.648041123084168
1464,1.62093175574819
1471,2.41935541420285
1473,4.36877774426198
1476,2.88503486172935
1478,2.28765605538993
1479,4.02463712534815
1487,5.38011386504531
1492,4.49581565391429
1496,2.98864825808846
1497,0.541144757683797
1515,3.22116794677797
1519,1.50918984756399
1522,2.9011941881154
1526,3.55820720314481
1537,2.84700671902027
1538,4.2796656701698
1540,1.988840132682
1543,3.74109926570609
1548,1.67542264606524
1549,1.63079932678255
1556,2.84832740924156
1564,1.87509354457035
1570,3.16468990157816
1577,2.21399726513542
1585,4.17076559177096
1590,4.3414400455368
1592,1.3293589453431
1594,1.20237288231673
1596,6.85405533332881
1598,4.84040785312027
1603,1.90589312494812
1607,1.16166571393167
1612,5.67543443139959
1627,4.66573885721609
1629,3.49946933977206
1630,3.09223588257236
1640,5.5800353708677
1641,4.3865864926897
1646,4.09682925395585
1662,0.70637340907357
1668,1.15641266343256
1671,0.384117081171168
1672,4.35246778957882
1673,5.68868621169803
1686,4.07303626167013
1688,4.15018564549443
1696,3.25768404946979
1701,4.84639456700256
1707,4.03301720344752
1708,3.48373034726822
1713,3.82285661078661
1715,3.30089551110702
1717,2.99301276496037
1721,2.99814250576245
1724,2.62668785594878
1725,2.9774564222045
1730,3.88179532774553
1731,4.11850518772351
1734,2.38647981891044
1740,3.1601577728911
1748,2.8236849612723
1749,4.19260583386893
1750,5.72107556651684
1763,3.19988455718456
1768,4.3754053593115
1773,2.34200663918823
1777,1.11782969336078
1778,0.473559006097121
1780,3.33083038390325
1782,0.417394084149869
1784,4.67211047765329
1786,3.66175385307899
1787,4.55438765369652
1792,0.542781678129796
1800,2.64023840789338
1801,2.92978463682012
1803,2.61094486946074
1804,3.25293930518654
1807,2.54336749780842
1818,6.01211185590049
1821,3.30414603066208
1822,4.35935404316071
1828,2.97311621014494
1833,3.93036227507091
1844,4.07744608215229
1847,3.08070388617145
1850,2.51368717516101
1854,3.79670707619987
1858,4.83639813816599
1864,4.14371389343957
1867,0.976340910973927
1876,3.03515092727685
1880,1.48285361206729
1881,1.44036909151335
1891,3.07210493823872
1894,3.23797814117803
1895,4.39565400545682
1901,1.2038080216713
1905,4.39890454815765
1912,5.95841291761464
1918,2.94607190995526
1921,3.83488391735039
1923,3.0042093214002
1924,1.51808135810505
1931,2.16884488348485
1941,4.30351884604113
1950,1.40992098976798
1951,4.27914737801405
1954,4.87089739728524
1961,3.77550921388719
1966,3.95642295254768
1979,4.06330403238928
1982,0.799907261994864
1987,3.03123579810388
1997,3.01338828826083
2004,4.08896676888939
2011,4.7055359030502
2015,3.44104665451994
2025,6.96918041065183
2033,1.11534444836484
2034,4.52186860359002
2035,2.08728852911485
2036,1.50491357993752
2053,2.74754383141625
2059,3.00545865932299
2060,1.92940435612519
2073,2.69759980403888
2084,3.03827283555413
2089,3.24590663562286
2092,1.60047988882054
2109,4.82209579509128
2129,4.95288248151581
2134,5.72718968052587
2135,5.08218055945712
2148,2.9938336578456
2149,0.732938809336225
2150,2.42290687013705
2165,2.94871209063026
2166,2.79074753126243
2168,4.41214474349407
2170,0.958689916165863
2171,2.41914571565695
2172,1.97026475102662
2176,5.22214636854854
2182,3.01611507090036
2189,1.97398963647424
2191,4.75708742752055
2197,3.00427525602908
2202,0.792825408779427
2203,3.68537262084242
2204,0.397938081654123
2206,4.63420321746364
2218,1.59166644885087
2219,3.81550756258359
2221,1.23003903595861
2226,1.31259546614632
2228,2.90367601322807
2232,3.83669733955342
2236,0.318871042182811
2241,2.52343803134153
2245,5.16274433304684
2251,3.20939117765466
2255,5.45054636886354
2256,3.93762941748589
2259,1.28985249036371
2263,3.70369390282433
2264,3.80311813146504
2267,1.05499960713246
2273,1.99693249042646
2277,4.54398502748003
2287,4.09354492184644
2289,3.09177236168286
2291,1.33386199591142
2296,1.73853671586094
2299,1.7170841618112
2306,3.01168954083599
2314,0.717365685902152
2317,2.62256814994798
2318,4.02471458734421
2321,4.29981056019221
2324,4.38327519725891
2340,2.85505616310061
2343,2.04605997649946
2349,1.19050985836779
2352,5.1876244137842
2353,1.24607531236939
2365,2.20568113587097
2370,1.40272911255993
2378,3.08142439708141
2390,0.600505641793072
2399,1.21793528403013
2402,1.35718187083846
2403,0.672184178878138
2404,1.96722641823852
2414,5.41840529132055
2422,3.74092023233095
2424,0.61247995299023
2430,3.91683915825385
2435,2.94593069024738
2439,2.03391079626793
2442,4.72090706100147
2445,3.95180019781468
2449,2.02235269366589
2451,1.39058479169335
2461,2.57194311632309
2464,3.92487750537221
2465,3.82656924140478
2472,2.98685275496671
2476,2.44903385538316
2482,3.16726710024347
2487,5.17255200732184
2498,4.60959394188264
2501,3.84182318304605
2504,2.55492897568055
2511,0.359822166453583
2518,4.98636134322974
2521,5.37821342563203
2530,2.94835717075368
2543,4.68732478595632
2545,4.33538448213907
2561,3.34352673244813
2566,3.78172373409546
2572,2.90435575695087
2577,3.11294120676959
2578,2.07391366350387
2580,1.81061643394726
2581,4.34116735887575
2582,4.5779384291334
2584,2.50259166267575
2590,4.41665784234699
2598,2.84217960539584
2602,1.61069522622774
2605,5.20474450368443
2616,3.94346586137649
2618,3.57016457777382
2619,1.71305071611907
2624,4.84657379768955
2632,1.76334771925728
2640,3.90017577549345
2646,4.55768877433433
2651,1.33142933954187
2660,1.16849629153763
2661,3.40819608001037
2668,1.19714848705534
2670,1.39751847598807
2680,2.36688520772217
2681,3.14961209276739
2689,1.00979340374437
2694,5.43151473865866
2695,1.30432951469416
2696,3.07473425160941
2702,2.67261713971789
2704,3.74252771697547
2708,5.43955080008228
2709,1.93089596004679
2714,4.19030235160406
2716,1.27220145196676
2723,1.10905863810538
2725,2.98496234761999
2738,0.0464578005264377
2750,3.9002561008262
2756,1.93666804766261
2758,4.21782593679043
2766,2.77426787062443
2767,0.780906079952997
2771,1.99963602715813
2775,3.77602429952315
2776,2.84021709100691
2779,1.97577542401949
2780,3.10056265115752
2781,1.76047949323927
2782,4.41086015761451
2783,3.83466736632321
2796,3.94988321731473
2798,4.27464402730624
2800,2.86706333434693
2803,6.74393065011679
2806,5.41493563837479
2813,2.94027264837463
2818,1.67896301291486
2821,5.18408282395204
2825,4.29062540309825
2829,2.08987258740201
2830,3.02581304053475
2833,4.02544738835065
2839,1.38190761288729
2843,4.54716717327793
2846,4.5356435414509
2847,2.79284488756979
2848,5.8706234497774
2856,3.62708877946903
2863,0.661092937085056
2867,5.00898950652073
2869,3.8294768605063
2873,4.439827020811
2874,3.85065100309848
2875,2.97359359647635
2880,1.56938771963889
2886,3.20551687200186
2887,3.72853471239964
2888,3.52266913423607
2889,2.43348424555213
2890,1.4570738814869
2892,1.6804416687571
2901,2.99806077366963
2902,1.31350243516785
2905,2.14235384796857
2917,1.53069572585885
2922,2.65486847751164
2924,3.03037997881518
2930,1.39121973212676
2931,5.27096015044484
2946,1.70780257310276
2955,3.92853417045484
2962,2.79577773717592
2964,0.984348892147239
2965,0.674171102191974
2967,5.01319972092903
2970,6.02602826940857
2973,6.09300103219696
2974,1.51111567180003
2976,1.78363365437724
2977,1.85646358390747
2978,0.652607822081549
2986,4.56625301878095
2988,5.46925986778782
2989,1.2451261874354
2995,4.01279202863639
3005,4.76927603719094
3011,5.02550125253819
3013,3.18550352767383
3019,3.68236660094792
3021,1.7875585301992
3022,5.15133619049378
3029,1.2377487222686
3037,3.69985133228942
3042,2.50078669861284
3043,3.96234529134273
3049,3.98234659300496
3050,5.79919211587956
3053,1.19013763609285
3058,1.36721359648257
3062,1.37499497563404
3063,4.10502841684685
3065,1.42697670709757
3080,2.59104200416471
3088,0.694151629772586
3093,1.49870208556914
3096,5.23015498159784
3101,5.41807616159437
3103,1.22739773993412
3107,6.33444002359668
3109,4.33473305099664
3111,5.73438670191906
3113,4.4816910265385
3116,5.07615386184066
3132,3.13019443362225
3141,4.91938369975841
3153,1.25958284485767
3154,1.21677446733913
3160,1.81893961032677
3167,1.52931152021298
3170,3.2442261242249
3173,2.55419847497186
3174,3.95971584933234
3177,5.27200642532355
3179,4.01373501884363
3184,1.0296992401133
3190,2.53137242479001
3193,4.29800220795289
3199,4.22324490771238
3201,1.26047666309967
3202,2.75045372388908
3203,2.75354016990111
3206,2.864202300449
3209,2.90870229827748
3210,2.30642479348864
3217,4.3497588602847
3220,4.34028197680493
3228,2.51892328874382
3232,3.12138309031826
3239,0.574398882377874
3243,3.82343752194115
3245,3.03557235649515
3246,4.22288427724374
3251,4.62471906696711
3253,4.68433417301727
3257,4.09266575611001
3260,1.25032173366156
3261,3.66949449969502
3263,5.14439385624579
3278,3.84739471700457
3281,3.52939245610167
3283,5.2624126759802
3290,2.2985841312201
3297,3.62962130770046
3304,3.9332440513257
3305,3.06923448202386
3307,5.05526539910261
3308,2.46977484150395
3313,2.71670165970661
3314,3.13321074086509
3317,0.49188919973459
3348,0.435909274807147
3350,2.28726049516281
3359,4.24272898926152
3367,4.0343408872772
3376,3.26657142681435
3378,3.12934048202089
3384,1.2713082394983
3386,3.1268567397611
3387,4.03793233331627
3388,2.96685033447397
3390,4.60714690639353
3391,1.4466114843579
3396,0.0957352039929079
3398,3.82598906176496
3404,4.87859793762242
3406,1.82630317346762
3407,3.67923802251631
3414,4.76611033017184
3419,2.89032289730892
3423,2.47551938255892
3427,3.32388589838487
3432,0.285268721881979
3434,2.95085653766244
3438,0.750530470424856
3442,0.516267408787001
3443,1.56149543618551
3448,0.476950737140315
3456,2.90167979728016
3464,5.55065115852475
3470,1.30617778288542
3475,3.74562091508273
3477,3.40059605720075
3490,2.49561170171314
3493,3.89208873869898
3502,2.89950644624376
3508,4.19286284096806
3516,1.67507701945743
3517,5.07918811892413
3525,3.22694657549273
3532,3.66674792912078
3535,3.9026382992143
3536,4.70893472680445
3540,2.97649369738281
3547,3.03038940488477
3550,3.25248235180568
3557,2.18476134918648
3562,1.20293896116915
3563,2.94401981958551
3564,1.33996957264257
3570,3.34460531577657
3573,1.77824866884463
3577,2.54690253137562
3579,3.07776730168408
3581,1.2975402736486
3587,3.79343149593094
3602,3.28500693394772
3609,3.75846246049333
3612,4.16083728212573
3621,2.78964389666432
3642,2.01731087329526
3647,1.55734225442244
3649,3.02327303364668
3654,1.58934874157947
3660,4.65290177600656
3665,4.58031863487226
3669,3.54494360641382
3673,3.91584257068059
3675,1.86295949173522
3678,3.84999277299978
3680,3.15432049208057
3686,5.83336980972936
3693,4.79002634356871
3710,2.55453597132637
3713,4.31037498680706
3718,5.15039202042778
3725,3.06674634062722
3726,2.90705576580797
3747,2.30081777103609
3753,1.25099355427777
3754,4.84216942511421
3760,4.5835736933753
3763,2.3551077693306
3765,4.28343388306124
3769,4.62512292104029
3771,3.61370114335553
3784,1.69655326844419
3787,4.2636898266991
3794,1.42571657306661
3796,3.71687081857173
3798,4.52267470267063
3809,4.00198618063917
3812,5.28824951965494
3819,1.06378449435718
3828,4.30239779670784
3831,5.43498960534573
3833,3.38447596169655
3837,5.15912523340822
3839,1.04015586464613
3843,2.47925213230059
3846,3.86837824693579
3854,5.11560675236131
3861,1.00682254890683
3864,3.79036904415667
3868,3.21417711389073
3869,5.03797967483301
3870,2.93297167653412
3883,2.62942077900432
3886,2.94576314732356
3889,3.85797410487235
3894,1.03799319982374
3907,2.46775888368643
3910,3.96620956184247
3913,1.13703464776408
3914,3.24939804130604
3921,5.66190803411249
3923,0.768770620381837
3929,2.00444904619116
3931,1.34405376514515
3932,5.11377623093866
3937,0.407287172515989
3943,1.31747493029158
3956,4.59898761979692
3957,3.05998744088544
3961,5.83739011250111
3971,2.92609056110375
4004,1.18839800700715
4005,2.45100092676788
4006,4.38069786099989
4011,2.64382669705077
4013,4.82250281286646
4014,6.31201156714778
4016,0.438003825560206
4017,5.05633589924484
4020,3.26015593457009
4022,3.92232638352935
4026,0.540017736750282
4032,1.33385478454277
4043,2.19297811093412
4045,2.9211021058147
4048,5.27263540045071
4051,5.09286675839058
4052,3.72416775456339
4056,2.85828547695304
4059,1.00070571967157
4069,5.081657600827
4074,3.93838694148182
4076,2.84780412856281
4077,1.70604326824098
4079,1.23471943605681
4081,3.78261477663796
4088,1.69361940770533
4105,2.85278906647172
4125,3.8473397781572
4134,2.97707231772792
4139,1.80313680647475
4146,2.23484302850611
4149,4.03600709289123
4151,0.144189260592494
4155,2.9868574552783
4157,2.11820435953229
4168,5.17278444758737
4170,2.29963184516935
4174,2.49542459995477
4179,5.20931787533891
4185,3.90635547518469
4199,1.1682038905915
4205,1.36942157368038
4208,3.02803694033574
4211,1.98670233184736
4212,0.275012472925047
4215,3.24582365516663
4217,3.04419629026083
4219,1.98971838682097
4226,4.20655149704375
4227,2.98075261445606
4229,1.83163610965438
4231,1.81053910910222
4233,1.7645320006767
4237,2.1347645758099
4243,4.46930240730132
4248,4.38123221203923
4255,5.48047699637719
4262,2.55809450092885
4266,1.29229655211746
4268,1.28341891289467
4270,2.40605562133786
4273,1.40704582309605
4276,4.55897538254972
4277,3.90130977755764
4279,2.21972269117246
4299,4.00489223157123
4313,1.25783048042599
4322,4.25348864427641
4324,1.67074336410811
4328,2.89274590806153
4331,2.93834377711496
4335,2.02362537136168
4337,3.87206207462675
4338,1.3461166846626
4343,1.69149398928296
4347,1.60252712021991
4355,3.76135978825651
4357,2.32854295813103
4359,6.10682451576712
4362,1.78756048891968
4368,2.64466846275979
4374,5.19882861085953
4375,5.1505548744969
4378,3.63342768922355
4381,2.07950598381976
4387,4.30958403428711
4400,2.16906879386961
4423,4.26615668919231
4424,2.96437431106454
4428,4.16601019187255
4433,6.29169920390357
4436,1.87668852429643
4437,1.15475378003707
4439,6.00568759782306
4449,3.96821276187058
4456,3.8322184768396
4463,5.5123042213467
4467,2.41615928906799
4468,1.84428157541617
4469,2.69966527023434
4472,3.76408214243981
4473,4.15648540737262
4476,2.70925645892797
4500,2.56198696514091
4509,4.12412252090013
4513,2.14260829378137
4521,0.976723996504184
4527,2.81526750372512
4530,1.55479997111057
4532,2.61065768637687
4533,2.87072159213863
4535,2.44010467383238
4536,4.90976390152112
4542,3.77102225734337
4551,2.50079985644308
4554,3.85548824367366
4555,1.77054893049029
4564,0.80816193555312
4572,2.34081882069974
4573,6.66455735891164
4577,1.46859414079826
4579,5.38662803817129
4583,3.57086489876144
4584,5.78549314890638
4596,2.99001509837075
4599,3.94927585994622
4607,3.81667921330995
4609,0.342022438942201
4610,1.52469589001935
4616,1.73961040006754
4617,3.02380533193969
4633,4.33308503901375
4638,3.72884418183481
4641,2.96369388221102
4653,6.54597620033868
4655,4.214922534891
4659,0.925960816238709
4669,1.42914326715227
4678,1.22877282994946
4685,4.44289526605325
4686,3.62910494547099
4691,1.2987555889927
4695,4.60647783800358
4698,3.72051507681157
4700,4.81443185789488
4711,2.94752462667975
4722,4.08099389549266
4727,3.15201619519111
4756,5.95655651088082
4762,0.960284667144987
4763,2.94901189175564
4766,4.56374568279471
4770,0.885576117190093
4784,3.3411004973543
4791,2.8711652418298
4795,5.05532405295292
4799,1.59029509400311
4802,4.22184102120665
4805,3.82433927739876
4814,4.81204988861282
4816,1.04922415810182
4817,3.88899728494004
4822,3.24162803557073
4827,2.48006908991726
4833,4.36932445900672
4836,0.659780805093295
4842,3.19413729332372
4844,2.99880381684153
4845,2.70455958757065
4849,4.0826187430863
4850,1.64533281816251
4860,4.55086970921
4863,2.61763618311369
4871,3.92391499042677
4878,3.6898984848663
4881,2.83039561089847
4888,3.41523592415874
4900,6.46175944675952
4906,3.21104542209107
4909,1.18903104698906
4916,4.52571668584577
4918,5.34533976500941
4926,3.16423490534949
4928,2.26080279873175
4941,2.44430227098011
4946,4.52387710505105
4949,1.62639164803111
4956,2.86969129437578
4966,4.26942300610562
4969,2.46229058793243
4973,3.86901621332754
4978,5.0009520636218
4982,3.33395339196684
4985,4.51825723220819
4991,3.36821115618953
4998,3.81290325500037
5000,2.49301585533347
5004,3.61992884072488
5005,2.3471659230699
5011,4.52770503258167
5016,0.183570536777795
5018,2.96731730795481
5034,4.12219386688435
5038,1.41405157317557
5042,6.08797997315666
5046,3.01684985136074
5051,0.534174075298833
5054,1.21585056177781
5057,4.26570049087234
5062,3.93383570172317
5063,4.40665803193488
5065,3.25403077843734
5066,1.62428574968298
5076,2.56723102205458
5089,2.91568079528995
5092,2.01581831327879
5093,4.3926619259499
5094,4.22280700036368
5098,3.63715513831273
5102,2.13792691431758
5112,5.11284059950424
5117,2.5208971130982
5127,3.56866018548111
5130,2.51345424262973
5131,2.23129266961779
5132,3.61504814646813
5135,1.5614701520683
5136,3.12086591027981
5147,4.69481358791766
5157,3.80593442065531
5160,2.21081773202765
5165,1.14225208648391
5166,1.51123798922302
5172,2.58227089130717
5173,2.53771673006112
5179,0.950679307874034
5184,5.27516483770689
5187,2.26916632408455
5191,3.43699313355052
5193,1.41736678577552
5194,1.51432191271502
5199,2.20886077068982
5212,1.52452794663392
5213,3.06342531775685
5224,3.87946854115247
5226,3.98228461869554
5239,5.21242625285388
5252,4.71974696059837
5264,0.557629238801111
5266,1.78356429177387
5271,5.04233423795851
5273,3.93575166031814
5276,2.09687782904826
5278,4.32754550701376
5281,2.21756412555324
5283,4.1745337312113
5291,0.468296165364912
5294,5.89738253965338
5296,3.89022918439547
5297,1.05483124655007
5313,3.77864193896527
5314,2.87726088539735
5321,2.92949556108907
5325,3.07232194187282
5326,1.52832261520525
5328,3.34426581422294
5334,3.01493307053498
5338,4.66101486163606
5344,1.46384160000912
5348,1.50111397113405
5352,1.46863300564424
5353,3.98233047782647
5354,0.879727851697642
5361,0.179678157088226
5364,2.44236202739603
5365,3.90642678276298
5367,1.43082310041686
5379,4.88953969297957
5382,3.11012394499657
5386,4.86934567769272
5395,3.91428972199851
5410,4.43730231015548
5411,2.90131108212883
5416,5.00926904659296
5424,3.39398604593488
5426,2.90826330611481
5428,1.53177368560986
5430,4.91701347862601
5433,1.66459221667379
5437,2.98678517917946
5440,3.74356769838055
5442,4.8565848029589
5445,3.20020108695976
5449,3.87664809706599
5452,3.91481833974981
5460,0.922986320899921
5461,2.26565354796754
5465,1.74757370901863
5467,4.19233759777714
5471,4.39800431319148
5474,1.56751773698
5475,2.91663039768987
5480,1.55467066539261
5481,3.80654290264843
5484,1.4531282575861
5494,5.45939154275704
5495,1.94753802483084
5497,1.72936425356158
5499,2.91627505837052
5507,1.44573095538571
5510,3.37706565482336
5515,1.59257862212035
5516,1.81912242028335
5517,1.44602068381936
5524,4.17149609463135
5530,5.93106084652157
5534,2.70987176821043
5543,1.44645895885482
5545,3.08582390147401
5558,3.87346325478686
5562,2.04313881571724
5573,6.58986888684973
5581,4.10377201504484
5583,5.16927991018438
5587,3.21724216128171
5589,2.08586580947109
5591,5.23341077123819
5596,2.93267042640494
5606,4.14041891882516
5608,4.75798658626559
5611,3.08006483604023
5612,4.79028567457804
5614,4.44306551851535
5620,3.97867033681751
5623,5.47439250577276
5624,1.78233026629027
5626,5.82871358188926
5633,1.0086586614884
5635,2.8500564009436
5640,4.58605229334435
5643,3.02616114611776
5644,5.83827827568873
5653,5.28487332068652
5663,4.15409349023601
5664,5.08905103677612
5667,2.38828164244282
5671,1.1965018732458
5673,3.7855380383061
5676,2.03802214839805
5678,2.07910531447406
5698,2.29460897442262
5700,5.79108821688902
5705,3.85503689519158
5706,5.36644745062386
5711,2.2528642973708
5712,5.12928131006054
5716,2.84163644894777
5719,2.74604698745246
5725,2.3191570650045
5728,6.84324664233396
5734,0.702950880742978
5735,4.00440757815972
5743,2.63619781013829
5754,1.61198682426278
5755,2.24626762748429
5756,4.67590164156081
5766,3.1757034396988
5770,3.89454503628237
5774,0.786337332811952
5775,2.45603815986428
5776,4.0356456161262
5778,6.06442067924665
5786,2.90039729419418
5787,3.78752584971426
5791,4.82728520490108
5794,3.03194259131228
5803,3.28192412038117
5804,3.08300684857883
5808,0.754200232438957
5810,3.99781075918008
5813,4.00604150981527
5828,3.05832750801459
5839,5.73736325564412
5842,4.16719280673972
5843,2.34134692102552
5844,3.85058277071824
5847,2.40346376723567
5851,2.39319031919992
5854,3.19470392064847
5857,1.55868826050751
5866,1.36122780065857
5874,1.37950386152037
5886,3.56308728840291
5895,1.28344149814601
5897,2.63709310197794
5898,2.7330579582013
5900,1.74806079391655
5902,1.35696475332945
5908,0.32667714341668
5909,3.51334560846055
5912,6.11578992352568
5913,1.32700692344473
5917,4.68974059463102
5918,3.15319341113781
5921,3.22225667725126
5931,1.53397647252871
5942,4.13044841548303
5943,3.0466068750408
5950,3.84351979886404
5954,0.556423244038241
5983,2.90027843675149
5995,3.13941072682022
6002,2.40641194842679
6005,3.8859283893777
6009,6.54540950068475
6011,2.65472782960311
6012,4.67232812949196
6019,1.68066834572971
6021,3.00525461256759
6029,4.97013779931113
6036,4.07387883257653
6037,3.04630914763533
6038,0.600306385971677
6043,0.829133019242215
6045,4.23029309233538
6047,1.00931151000549
6048,2.86817272344555
6061,4.01439436508541
6063,2.66185544093633
6064,5.10677590067316
6068,4.52371923437508
6069,0.980076323983212
6070,3.77367240833589
6071,5.25553814283563
6074,4.27120058431754
6079,3.49481543760581
6082,2.80749158855687
6088,4.31149390545886
6094,2.51814707764853
6095,1.34431582631489
6098,2.73196311042546
6102,3.85105458383627
6105,1.89086370410161
6113,5.31611516105422
6116,2.66590499916153
6120,2.13533040596458
6121,2.49767527633193
6126,2.02517718806718
6144,3.47747140496817
6145,4.36810523110558
6153,2.42373462996903
6156,3.72004162769113
6159,4.33458720073383
6162,1.09112125073604
6184,2.60607512394471
6188,2.87359272969338
6189,2.82173762181964
6191,2.08004277601494
6211,0.927490993988439
6216,3.83106999872799
6218,1.61696898137002
6222,0.991199202604353
6235,2.98872145107852
6245,1.23044910328833
6248,3.65023191539491
6253,3.62568932505719
6256,0.375970812582978
6257,4.20327387340561
6259,0.752266715098682
6266,4.59039790194866
6268,3.83151568883235
6275,1.02802336653379
6280,3.22003014346127
6283,2.54517915621531
6288,4.76269087580503
6289,2.28066743285163
6301,5.22626738338602
6308,4.06718569657092
6314,3.96039361632165
6315,0.537336386371222
6316,3.83523440082496
6317,2.6736616303326
6318,2.08501233597242
6323,3.24924537403461
6329,3.44390020837745
6336,1.54875464200334
6341,4.73005430914744
6348,3.24285580952202
6349,4.6002829432236
6365,1.5900419037238
6372,3.77379018408185
6376,2.9829123596402
6378,1.19999858610304
6379,4.57335866864475
6382,1.04302794671464
6383,2.95158367525661
6389,5.03623816399528
6390,1.48711155703821
6392,4.63020264241505
6394,1.45579819894977
6402,0.703228842082212
6404,3.56257442889672
6405,2.54469711737567
6406,1.0884193659982
6409,4.47568339987831
6410,5.11782464005886
6411,3.8502724056854
6421,4.94837876395483
6428,6.76813577294826
6429,2.4471314321092
6432,4.2152866206337
6436,1.05869611382605
6437,3.85945641901974
6438,0.650965652525443
6445,2.94873992526483
6447,4.26154198889198
6450,4.19892143344646
6462,4.55826227106589
6467,3.94877050110684
6478,3.87637596264652
6484,4.70752007238468
6492,4.42942234573294
6497,6.3776108075019
6504,2.97182135416638
6505,1.13062278806345
6513,2.97866849611609
6525,4.77004372556855
6526,4.66838108263461
6528,2.79513508129541
6540,0.934965144208676
6542,0.536713962216899
6544,5.16935945929112
6548,3.89839409556862
6552,3.01177773239262
6558,3.87148108500375
6567,1.97459972157484
6569,4.56456253761614
6572,5.64046079031553
6577,5.49914337771612
6581,3.18921114050917
6588,2.90386199597243
6591,1.01138404703911
6594,2.47976031950123
6600,5.75408544499312
6602,3.18539924311735
6604,2.76933747436112
6605,3.73810542154766
6614,2.3236911952045
6616,1.34986061125443
6621,1.88978399428364
6640,4.65582182544845
6641,2.90855269139384
6643,2.31580584228993
6644,0.987326173725723
6649,1.86737383751385
6650,3.79337745375916
6655,5.61103570800939
6661,1.78139805265229
6672,4.80921933722474
6677,1.82562791449866
6688,2.13932854990546
6689,5.15662917500282
6691,2.59990411190589
6692,5.01128669755075
6694,3.21287143652241
6702,2.21777449034777
6714,1.04340328327218
6716,5.14010320368697
6724,3.84164623740484
6725,1.59529783809546
6730,3.83989657542547
6735,3.0448945259648
6738,2.93424850177024
6739,3.30292293997589
6743,3.86784490199869
6747,2.76353075854828
6750,6.6996108706887
6751,3.22208351176039
6753,4.33581499065731
6754,3.10553731993601
6755,1.43880168553846
6762,3.84461909026198
6764,3.91163332452847
6772,1.868634277146
6774,1.36164898191601
6787,2.06524686017165
6789,3.5060864807354
6793,4.09032995837228
6798,1.28929626484629
6799,0.604190261471092
6800,4.26789943401604
6802,1.90185400193351
6808,1.53220569685846
6809,4.09469362588732
6812,4.23893285169783
6814,2.80549743251286
6816,2.54905999810726
6822,1.15943012053649
6829,3.81684487706268
6834,2.47421038230323
6836,4.44690231033454
6839,3.27565147472309
6840,1.58061491447897
6843,2.11831361930668
6846,2.05033824685258
6848,1.50225847866338
6852,2.46203297761275
6856,5.55477057662264
6860,4.57603701600627
6866,4.26452880974328
6870,4.2597214931937
6878,0.85298630047822
6880,5.16537675802368
6885,4.99573820610541
6897,4.10867554046921
6902,3.33113183530351
6904,4.24285965400852
6907,4.156630184625
6909,0.694003353577748
6914,1.76517530886046
6915,5.23105173381319
6922,1.40996060131956
6924,2.22540174450237
6933,3.47073036231393
6934,4.70574058450002
6941,3.79424521076852
6957,2.60554935615303
6960,0.639912132614373
6969,0.504241797155338
6975,2.68129351352145
6980,1.73165222932843
6983,1.73193257547295
6987,1.97351997057515
6994,2.33323241974825
6997,4.72508205809001
7002,3.27336136576655
7010,2.33185523696334
7015,3.06494646182398
7019,3.04754600752459
7022,4.38348804255449
7025,2.51910039229847
7029,4.1617168784149
7031,2.53999707973397
7037,2.49354728563111
7038,3.82850624736318
7043,1.3886015346143
7049,3.3114632335156
7052,2.72071029957879
7053,4.26362183651433
7056,3.06253192620451
7057,4.31620752746449
7080,1.62791306915493
7086,1.74985279953354
7087,3.64360221433521
7105,3.85243305596588
7108,1.99714432053172
7121,1.07028818330539
7122,2.3107735048147
7125,1.88541480873136
7132,3.24508694928996
7134,3.65399433306265
7151,2.52128157808994
7152,3.19951483683944
7157,3.24504617546895
7159,1.21107243495809
7166,0.687873286943655
7167,1.08178533324814
7177,3.20346509153737
7179,1.91474333591015
7181,0.732915594301368
7183,5.08667307000466
7186,3.71663947010047
7193,5.5323982688002
7205,3.00749950285434
7207,1.68776170369824
7209,4.01171174903885
7216,1.24182681344897
7232,0.945743526656293
7235,2.09777403013022
7238,2.46766175135016
7240,2.28940076251765
7243,1.09023061050731
7252,2.48950731922
7269,2.50214383408362
7275,3.82502482494343
7281,1.71203489768527
7283,1.36612381629193
7287,6.08677001983138
7289,5.90432611646281
7291,4.28083424855893
7294,1.26602219861082
7304,5.37351174992217
7308,4.12941309617558
7313,2.95645898207722
7319,1.08515011512295
7325,1.74642478290041
7326,2.5786955206178
7330,5.17548813197559
7332,4.29656032421232
7337,1.24576902066769
7341,0.692168632567904
7346,3.19313867170873
7353,1.1597702961676
7354,4.22263585633649
7361,1.24204009912342
7366,0.800601053996051
7368,5.25820168352027
7372,4.07927743552458
7375,2.91689537086408
7377,5.95684585615497
7380,1.36475594706724
7382,4.31778022668232
7385,2.70755577102838
7392,2.33552793835119
7395,4.33228536364208
7397,3.20037267421796
7403,3.1812893639748
7406,3.21570144535451
7409,0.323108352398907
7410,3.90683172134752
7412,4.14639300425666
7419,3.09234319934062
7425,2.96381967823776
7435,6.90479604511549
7438,3.90627130980296
7440,4.32238655077956
7447,3.07406446222771
7449,1.95086481262178
7456,3.43477221843023
7464,3.87171468147313
7478,2.50824049871406
7480,3.05776770286188
7481,5.23038607178254
7483,3.66865158899316
7484,1.95395081258709
7491,4.30199319922904
7494,2.26618982047271
7501,2.44422243040791
7503,4.19287575169267
7509,2.27369788115371
7517,0.332674489706295
7518,6.02975776374901
7519,1.71868510744695
7521,5.53526445821652
7522,2.63430586946375
7536,3.83205054017174
7539,1.36855136903878
7547,5.75850354860967
7549,3.29616663386076
7552,2.95414095107749
7554,1.71946776183846
7556,3.66917307095276
7564,3.96078296052578
7566,1.39102879450066
7570,4.36130865245925
7571,3.04235556211703
7572,3.6607507950178
7575,2.03848152272328
7586,3.05019225789562
7589,5.07778894560286
7590,2.87830092856762
7597,3.8363040129834
7602,4.41324821209975
7604,4.48000367450187
7605,2.90536019608749
7612,1.94203564869917
7615,4.07097054025467
7617,3.10709119990542
7624,3.76581612711545
7632,4.29270632262701
7639,4.11455341911562
7642,2.82187743562972
7643,3.66095443253663
7649,3.60301200600721
7650,1.34032631938406
7653,4.10151105043823
7654,3.49694825007984
7657,5.16809497806354
7662,1.31414051077923
7669,3.91648421710892
7671,2.71355113955552
7675,1.39888305128186
7678,4.29434345590723
7682,4.45388719480717
7688,1.70725161842904
7689,1.4023082913881
7690,4.89191751158535
7692,2.50910030730917
7699,1.10814877719056
7705,2.94838159325991
7712,3.16487533432707
7726,4.57836739327471
7728,1.64465990956422
7735,3.88126322719323
7737,2.50095489691468
7739,3.662808290791
7743,1.1481884674074
7744,4.79636118539383
7746,2.37581542937542
7749,1.20710784231599
7750,4.08639176206504
7752,3.97590402241973
7755,4.91437765816541
7756,3.81580660650153
7762,4.3546555241504
7764,0.671337347039623
7769,2.43676857791887
7770,2.3212697064576
7776,5.08316795074687
7778,5.30809405468964
7784,2.57313074359066
7786,2.86277344234255
7789,3.0511646962452
7793,4.22192192080573
7794,1.44108972028313
7804,3.12525097419009
7811,4.34048593465436
7813,2.92003084306717
7815,1.88242543068883
7817,0.889147696289491
7818,3.77242057016579
7821,5.90519994451211
7825,3.26490757165707
7830,5.0792978538671
7832,3.87634716854143
7835,2.02437152142821
7839,6.212774400692
7842,5.02218477067248
7849,3.85807169483801
7856,2.46063201804388
7857,2.59530319265784
7863,4.75571421315523
7866,4.38810295694031
7871,3.06087682382444
7875,2.25269866911157
7882,2.01674725911269
7887,0.913232255800309
7888,3.23120224144821
7891,1.62925502303495
7895,4.30000439673441
7901,4.31165140269484
7906,2.47805138379353
7908,0.740801220159299
7917,1.75854187510171
7924,3.12013029812566
7948,4.11314474014993
7950,5.85804048782687
7955,2.3874372910915
7957,1.89855139083825
7959,2.48885814138769
7967,5.0203621266381
7969,2.89646575170327
7971,4.39830080180646
7974,2.92226218962411
7976,2.2616076094081
7986,5.68594871884322
7987,0.956996741273523
7993,4.13752293252923
7996,3.92937325146187
7998,3.35606112232965
8018,3.05545537408669
8019,2.5946180520219
8027,1.60163187613219
8036,1.68469121923501
8040,4.56986199189975
8044,3.52962010611755
8050,2.90999949903276
8052,0.333420067697917
8054,0.392915455377968
8057,3.90944548521187
8058,4.28257303361508
8059,2.85596086688194
8066,2.14309893098529
8070,5.93090759820787
8072,6.10711326058086
8078,2.65463566090276
8079,3.05396257935624
8080,4.27718290922149
8081,4.31327951637096
8088,1.29580136718225
8091,2.49427088407089
8094,2.56484422090103
8095,2.6666146478933
8099,4.37884840094202
8101,5.3059259500629
8102,5.31517644438581
8116,4.44829760908168
8125,4.25302506087034
8134,0.767519696663679
8139,1.26133162827878
8141,4.56840660724639
8147,3.06267208441871
8158,5.94114453785943
8160,2.58696894749434
8165,2.94805904196076
8187,2.39488985563281
8205,1.17182278411387
8209,2.67961807333964
8211,3.80491755604595
8232,3.89360807061055
8236,4.33941285225143
8237,5.37053406402591
8238,6.39527246043735
8245,4.22986872049613
8256,2.93943993032649
8268,3.17065220513312
8269,2.55375444537985
8270,4.44209209486948
8286,2.79858947382143
8289,3.8813276380299
8301,3.06516572740372
8305,1.55316982939417
8310,3.2057038900581
8312,0.944939618696886
8318,5.19752558470299
8321,4.31353703952402
8328,1.09800472186601
8331,4.59971255535446
8334,3.09604119823682
8344,3.9662922099951
8345,2.2258764512186
8352,4.63975023856822
8358,3.72867587458763
8359,2.06262279285318
8360,2.62389166028119
8365,2.97804694610188
8366,3.02856882732414
8369,5.00814672148317
8373,5.38002077281506
8378,3.94980750981194
8392,2.95074140383481
8397,2.89934471295945
8399,2.27535929681127
8400,2.35186616997748
8405,2.61211025825385
8406,4.4743557533866
8410,0.969684671875332
8413,4.17021279612736
8414,0.610102469474373
8416,5.38622072305471
8426,2.29222697363596
8434,4.68035511897194
8439,1.05797837032836
8440,1.242108335635
8475,3.99705636510899
8480,5.38251472963606
8497,2.04892456302972
8499,0.803874776713062
8500,3.43585183992669
8501,2.95891411840393
8502,2.70937937631869
8518,5.33033410414557
8520,3.94165240688419
8523,4.61846798067393
8525,1.0420240423863
8532,2.36068574722638
8535,2.04934598490943
8543,2.03607464243845
8554,0.71061877689045
8560,4.79956400876571
8561,3.31176809803898
8563,1.28981783333524
8566,1.1596504772374
8570,3.95291031162928
8572,3.25097015473428
8582,1.30076824114939
8583,1.93539872858232
8587,2.05030834631808
8592,1.90398458766579
8593,1.06364429666212
8607,1.05449018644079
8609,4.58520571896683
8610,3.7797494093923
8614,4.05363673367562
8616,4.72105897821378
8622,3.46640065100628
8623,3.96070188886763
8624,1.59475780896928
8633,5.68068612827713
8641,6.11371073289167
8644,5.56914138908111
8649,4.45538175816828
8653,3.07545634336896
8657,6.49263098713487
8658,2.78759406157049
8663,3.6485230289564
8672,1.97293771174016
8680,0.682427544577
8684,2.64377478977697
8687,1.69913897954468
8688,3.92352147833101
8690,3.80868040823416
8712,0.2058457581927
8717,3.16172023278588
8730,5.13448094309981
8739,3.93905997193719
8744,4.52808404772047
8747,5.36844060766313
8748,4.33707706000782
8751,2.80594687436298
8758,3.78553964901243
8761,1.77670660353107
8763,1.62888059950006
8764,3.86214858093727
8765,6.10102356686891
8773,4.59520245741281
8780,2.74289808085751
8781,2.89945277001975
8782,3.66581670479281
8785,0.148851479561817
8786,1.54596215174094
8797,1.25595175203758
8799,4.03267769087955
8807,1.21694493147108
8816,3.71750708718783
8817,3.11427383068986
8826,5.24056965464696
8833,3.21408090672028
8834,3.12949649669878
8835,2.28813210820296
8840,5.13513222663612
8843,3.2521525107886
8849,2.99740683145514
8855,3.30943335244993
8861,2.21231292083529
8862,4.072567215125
8865,2.13327907270856
8868,4.74823696388909
8870,4.54813834342038
8880,4.39816904018616
8885,1.81289396773172
8894,2.26010327001634
8895,4.41222574485594
8899,4.49863867191098
8912,1.92542383193266
8922,2.57432542341008
8924,3.0281297152666
8928,4.03055418487466
8932,0.819511835003712
8943,5.44575546486661
8945,5.78242543629193
8946,4.89159923014154
8954,1.59271990564041
8958,3.88603475829059
8960,1.25840132162658
8965,1.16596466077758
8966,4.70565489947037
8967,2.29568455009526
8969,2.98692601219489
8980,4.17194224886301
8984,4.06516308998692
8985,3.02607410474902
8988,2.66012084414645
8989,4.72945191646547
8995,1.65877897398063
9004,2.62643890447972
9010,1.45359961924651
9012,1.09996048498943
9018,3.72399680425899
9036,0.576735668426515
9037,2.13933283249883
9040,1.46539093329656
9041,5.4222798821105
9044,5.9256363637577
9045,3.09069481888833
9047,2.41825286192937
9049,1.21642971329411
9061,2.32427823090785
9062,2.55169550274616
9076,3.86913512564918
9079,2.5395537641248
9081,4.17924457856441
9082,4.33688156224331
9089,0.7932982394992
9092,2.92102039688786
9094,1.29316507536919
9115,1.16643257965263
9117,4.29164743589666
9118,3.28355788688362
9120,1.61738876848225
9124,2.63863459413499
9128,1.01944503151903
9135,0.915923337036217
9136,2.67223953518963
9138,4.15332953347431
9157,4.04899002111422
9176,1.62540713428785
9183,1.90020173340763
9187,3.26101608762126
9188,1.50186559376344
9190,4.55556016658099
9197,3.95337794281145
9200,3.17242609282198
9201,1.65522235060951
9203,1.18092242957551
9212,3.77187377613788
9213,1.15848065088898
9214,4.42287775446602
9217,2.49719260369558
9219,3.47353387523912
9220,4.92261633785143
9221,6.02843519353128
9237,2.60898311669023
9240,4.46678532334759
9241,2.35569254241465
9248,3.04163570006087
9253,6.68369511108262
9259,4.5750499041699
9267,1.46253975844754
9271,2.65608346917232
9273,1.14806810244554
9285,5.6455786961562
9290,3.86007935537604
9291,3.51856451937006
9293,1.13658749693656
9294,3.72085431464607
9301,2.99436905363945
9302,4.15924069788138
9312,2.19754573078053
9316,3.8210438938013
9319,0.925754286577462
9328,5.03757692104786
9331,3.94373954932998
9338,0.558677854058662
9350,2.93862023739204
9356,3.7578003501288
9359,2.16491141322619
9362,3.45460988918275
9364,2.80318611869117
9370,3.1239527951532
9380,0.684602040211463
9386,4.73680169853973
9394,1.78661914290151
9407,3.91993899358117
9411,3.03659632574118
9422,3.64285492277179
9423,0.596595529506479
9429,1.60119984089072
9433,0.829494267186836
9439,1.11787219233676
9451,4.16998692701027
9452,3.00887535868949
9453,1.71340055065828
9460,5.13926666462022
9465,5.47137861372064
9470,4.36172666890316
9476,3.95382160517359
9485,3.84797334338993
9486,1.16614577242546
9488,3.12894708065205
9507,5.63091770900095
9508,1.42257135396324
9517,6.78296184992073
9521,5.48242761608665
9528,3.01229372959861
9532,3.23439691130916
9536,2.86579691786822
9540,5.25739571504422
9542,4.54826645413054
9546,3.46944208806828
9548,4.40070549681154
9549,5.59684351111353
9554,4.95106191368579
9555,4.48840154473244
9558,1.3470592209639
9573,1.42349776269401
9575,4.87101540296305
9584,2.95725062603964
9586,3.86472425870725
9588,5.51693914931627
9591,1.16141016995062
9592,4.35415884549112
9597,6.19290681604812
9600,4.15908570029312
9603,3.78417980426484
9605,2.49672067866491
9614,0.685009076189631
9616,4.95484798063001
9622,3.82983864719218
9624,4.23199668802592
9629,1.2148802574818
9633,4.10468054585229
9640,4.26149728156258
9644,1.42204804786467
9645,0.66255371064651
9646,3.00056088207701
9648,3.11744416308992
9649,0.999370585408209
9660,3.95239293687773
9664,2.60701199286257
9675,1.02635291812261
9679,3.27848332591384
9680,3.07547397927825
9682,0.8476397537655
9697,2.99710479290891
9701,3.3095318342719
9704,2.92606891955496
9705,1.71757004298427
9707,4.10529792399789
9714,0.890054138357957
9718,2.69078966289533
9722,5.1649428648229
9739,2.79000767267439
9747,5.73913722102745
9751,1.89271204066696
9757,2.19505231314633
9759,3.33607936212933
9760,4.14704732549675
9764,2.7787128358628
9776,1.25206652465851
9778,2.86266354968309
9786,0.877964344192327
9803,3.67338455681001
9804,4.74840542918574
9815,5.24154987584725
9824,1.6797599300041
9825,0.348157359778593
9826,3.26067827797988
9827,3.90674776627037
9833,3.7460948854938
9835,0.877230974435476
9860,3.92358545249783
9865,2.76881029936824
9871,3.2651753575687
9874,1.02910582734751
9880,2.18233423489122
9882,1.70860732262113
9885,3.26114915662657
9888,4.39047790232706
9892,1.75051500768527
9893,5.16194945041429
9896,1.37283643488012
9902,3.21941003489579
9906,3.95129465191304
9910,4.96930381008527
9914,2.53451303035487
9918,1.64167410745782
9920,0.995203092973093
9926,3.98847509272864
9931,6.08766239909379
9935,3.96775867016579
9945,4.70515176097125
9953,1.45006567244928
9957,3.02218923731624
9963,4.43865892003348
9972,4.4955910307435
9976,4.54014578081857
9979,2.61000703238805
9980,1.55068939493695
9982,1.28101151385638
9991,3.85462451178354
10000,5.05621310002692
10003,3.76699028368128
10005,2.39050379984967
10014,3.54164056935111
10032,3.3352227910867
10034,3.01159394068834
10041,2.48460925471762
10042,4.16073130307028
10044,5.14936837027927
10045,0.930324066825941
10054,3.77387724729787
10061,6.03126964590219
10062,0.983827908418268
10073,0.777381447344631
10081,0.61367574510693
10084,1.50686874754541
10086,0.143089325735481
10093,1.19270050019472
10101,5.49753313518231
10105,4.09021151340609
10110,3.90065181285747
10113,3.17068543616367
10115,3.04420173268361
10119,3.72555052482344
10121,3.16525759450889
10124,1.01311005618332
10126,5.32439130502878
10127,3.50312116906064
10145,3.32973516681608
10147,1.33224268331214
10148,2.51256063110237
10162,2.04678193479438
10163,2.62002725658265
10166,1.7813224893249
10172,3.69700185846994
10173,2.19476436922358
10175,2.22175122451128
10180,3.04950890769398
10186,1.06877806971575
10192,3.31417390639658
10199,2.89876268272212
10209,0.418842537598042
10210,7.24332680818097
10214,3.24606899218499
10215,0.399638871340791
10216,1.39588416965741
10232,2.3449985828574
10239,5.0968612168023
10249,4.75014384763326
10253,5.28050704940265
10255,1.30775353181472
10262,2.86685572261211
10264,2.38475955526396
10266,1.00690653260806
10268,1.93454476018463
10271,2.89115695810439
10272,5.52498864063201
10276,1.12519407830164
10277,2.31970898660228
10279,2.73028774160522
10281,1.92934791465202
10285,2.09134392338153
10294,1.24314486597381
10300,2.87959640196546
10304,3.1917272504513
10307,2.18982314391754
10309,5.1904906443952
10310,1.79719860222765
10312,1.01224208676147
10321,2.99212077592317
10332,0.39046959207833
10336,3.69162917801245
10368,3.01904699352006
10369,5.68528212971035
10375,1.05566819691102
10376,1.43956986137102
10379,3.75133653754248
10380,2.92911675737099
10383,1.98613275703887
10385,5.26374912380834
10387,3.67659323826723
10397,2.8881949724824
10412,3.06495931352535
10413,1.51425825798369
10418,2.47087793404525
10420,3.02449677429655
10426,3.83879265953824
10427,2.60462909309868
10428,3.0478572961728
10430,1.60440838374052
10435,2.01205775460794
10436,1.04439350268162
10446,5.85935947959869
10448,3.356088985344
10449,4.60571371239091
10463,2.35284448980776
10469,2.23762601988158
10470,4.34246736331633
10471,3.85648365778415
10473,5.11398245346946
10476,2.85752014481327
10482,3.03405868090958
10500,2.98205661348647
10511,5.09058158575372
10512,4.19954077606221
10514,3.76029868341584
10515,4.35983536165839
10526,1.14337127036085
10546,2.0299807921082
10549,3.87774182772058
10553,1.11387827922163
10558,2.2806706791176
10575,0.712701977542395
10581,2.53722192980602
10583,0.732205468117852
10584,1.76146280818085
10585,0.969415943512119
10610,1.72850058250173
10611,0.820323103438782
10616,4.16913831611581
10618,3.31882768701426
10628,0.577158180821231
10632,1.76616474072253
10642,3.77181150105122
10648,3.11458181764593
10649,3.66725988178603
10650,2.95257974603702
10654,1.75994782621976
10656,5.17086810080046
10661,5.09568314445256
10663,0.674055578508539
10672,3.12731226665705
10678,5.35548591821953
10685,4.17563606355632
10690,5.09093727269867
10702,3.76876532002514
10706,3.16878922041346
10708,2.46492519150551
10716,2.98739964503657
10717,4.6306041417572
10720,5.29528263956134
10729,1.32381070181166
10730,5.45232820790232
10745,1.76287923002184
10753,2.34076545118898
10754,2.21099162270668
10762,2.30313810743986
10766,1.73948014516619
10776,0.962714209467329
10783,2.44563013259008
10789,2.86426616267911
10790,5.41037822941885
10797,0.52303806528299
10807,3.15328855303445
10810,1.23618636464058
10817,3.00006718610863
10820,2.57274920826599
10822,3.49550703850917
10828,4.4967079630676
10829,2.51533443540688
10830,2.10157437674737
10831,6.02769001517927
10841,5.66903112763349
10847,3.13054563532471
10856,0.366100727208975
10860,0.26200125985215
10861,5.1585864444087
10863,3.07027394200813
10875,2.09326139691377
10884,4.37899028988304
10895,1.91505131697295
10897,3.1283109072729
10898,2.82637463761848
10903,0.113453029193335
10908,1.02920481171646
10924,2.39246934246896
10926,2.15913457371092
10927,2.96111901739725
10928,2.73056887572831
10933,0.502568967719356
10939,5.75146248066276
10942,3.89320300157137
10945,2.96172483334404
10949,3.86939551058824
10950,3.04246100755134
10958,5.77211551087115
10963,3.70560481381467
10967,2.92325147172243
10971,1.26470900208474
10972,1.99558005462425
10974,3.85025106250859
10976,4.67313976617555
10980,2.85788203372457
10991,2.16429273544673
10995,4.19651716070241
11014,5.15200312499203
11017,4.75638378245514
11019,4.76642857138206
11022,1.45125624546688
11030,4.38462237248204
11031,3.01479269202949
11041,1.67616264353297
11042,3.83863396231405
11044,4.20011937840647
11047,4.60501090699847
11048,3.03491308416962
11049,3.41317719972182
11052,3.1776669019877
11058,1.14409035182617
11069,3.02839544882987
11070,2.86515424077709
11073,5.33120266173398
11074,1.16838619154162
11078,1.70222979900275
11079,0.365379926019355
11085,1.09101354535598
11088,3.79592068151106
11106,0.933778921625748
11110,5.63124841928293
11114,3.40553333446838
11118,2.41544082357548
11129,4.72961735437443
11130,3.86726132188034
11131,3.68384521497524
11133,2.58552150462706
11138,3.32140709615254
11143,3.79880259159029
11146,4.38379416474028
11153,3.91338549576815
11162,2.98014652819188
11170,6.5890826181446
11171,0.539833728791285
11201,3.02590544932201
11216,5.10822915537685
11219,2.62608410831204
11222,4.73873771866267
11234,1.56344773096419
11238,3.90297302104913
11244,2.97924337908138
11246,1.35752281552187
11248,1.64630203548784
11250,1.28071915219123
11256,4.28459898684237
11259,2.19310428603382
11263,0.830370436074823
11264,2.94244502145121
11270,1.73733961410882
11274,1.35735741279628
11281,2.90064846614857
11285,1.37373453809552
11300,2.03379073180288
11305,2.88338589241067
11317,3.25731265513496
11319,2.33438982132111
11330,1.40728963538364
11334,5.0606146104243
11335,5.55631154435181
11336,3.00347216794291
11356,4.19062597208631
11358,3.38332580270596
11360,1.46745120102942
11364,0.625652332318293
11373,5.55618028971535
11379,3.28015038040343
11382,4.33266191286992
11383,2.43760176915454
11385,4.20242688303042
11387,3.01145121090216
11391,3.01818543231726
11397,2.43784738040186
11404,1.70488976737076
11405,0.458845487079479
11409,4.17200676331878
11419,2.91005274525739
11430,4.33735413477089
11434,5.70472304478561
11436,2.44698279702069
11440,3.27224102719251
11443,2.67458970102599
11449,2.01912985397782
11452,4.12127459124171
11453,1.58409609781016
11456,4.70276229276718
11457,1.10576822673174
11459,4.26872605006279
11471,0.458008085858012
11476,3.00223481806256
11479,1.08624122852369
11481,3.75236945367672
11485,2.37108400861888
11486,2.25786484326098
11487,2.66288806265427
11488,2.22222581470659
11498,2.06577710828918
11506,2.66856901998901
11511,5.14193783269995
11515,1.42582611975596
11518,0.63252135215498
11521,2.02687972159755
11523,2.5663693357004
11524,1.39495322140949
11525,3.76068153943475
11528,1.70686607590879
11530,2.77082682078567
11531,2.9286651392047
11533,2.83246435029162
11535,3.85645106393171
11537,3.81966722946863
11538,2.04807863403703
11541,1.48668435715973
11548,3.92263038090656
11552,2.65233375705506
11558,1.45012343246632
11560,1.80370350640574
11566,1.29969397958807
11572,0.922853396097014
11573,4.4911419972424
11582,4.20088226861004
11586,2.41006932238988
11590,4.12421398623235
11591,2.48371257838567
11601,3.88940687902228
11611,3.66739899474981
11617,1.27129530412867
11619,4.41727989583773
11624,3.67966375863219
11626,5.80615046271764
11644,1.90760350899534
11652,0.792841106547607
11656,1.95676820611151
11658,2.091093551573
11659,5.21953592433312
11663,2.89300887705917
11665,3.97003817921581
11683,4.35530493346349
11685,1.82149189717095
11691,2.98257027674507
11694,3.62919485238118
11698,0.745770381876279
11700,3.84112166939168
11703,2.40518818185274
11705,2.40576971195506
11710,3.21191922220528
11711,2.85815972107145
11714,1.42443855220091
11731,4.60576915622709
11732,0.437725126994523
11742,2.04791280007159
11744,3.69879622957564
11745,3.28362221861217
11749,2.29376238354635
11756,3.22232224496749
11761,0.931627797636426
11762,4.25714064097324
11766,4.61434213776163
11767,7.20336491838949
11769,2.64779079809368
11770,3.84335049189367
11771,4.19875993554065
11777,3.11361189948466
11778,5.10488986541955
11779,1.00340407293278
11788,2.06557249379408
11790,4.50228162213406
11794,3.79513035083971
11801,3.82637413476689
11807,1.07578519323787
11812,3.9601088658835
11817,0.780351414185278
11818,2.39653182799074
11825,0.643572267109283
11828,4.2524453188127
11833,4.38497497749739
11837,5.15098348774593
11838,0.626353214801714
11842,1.70400865144121
11853,4.38765712295103
11857,4.34563895446883
11858,1.69017974060478
11860,5.057462736233
11867,3.86457746318609
11868,4.78587900542797
11871,4.36669932911759
11875,3.27543842448697
11881,6.15782634189221
11890,1.30973315196084
11892,4.33803082260214
11894,2.86980553506037
11896,4.52404907186548
11903,4.35345064159093
11905,3.32850303533416
11907,2.78061198809334
11909,6.75028872184621
11911,3.01099427460517
11915,1.53671040458877
11918,3.20935175162281
11920,4.7540147630021
11923,4.38284452956442
11924,3.15878870499633
11926,1.73712470199813
11931,3.69030164946657
11933,4.40832845740943
11940,4.75603553915577
11951,3.0496207482194
11953,2.7180700591858
11973,1.50932470616665
11984,1.90769341268326
11985,1.74284970640684
11991,2.57939410148811
12002,3.15360693983906
12006,2.95578348715133
12008,4.56444518735712
12013,1.60362155854576
12015,3.34961073209672
12016,4.36593621214811
12023,1.18942510480681
12029,1.88996523940275
12036,0.630553683823704
12038,3.62740451085493
12041,1.03727611278145
12049,4.45000286892671
12050,0.890794321802191
12054,3.36934384810501
12060,2.94730084741805
12062,5.49169893348612
12065,2.52867702505679
12079,1.49587017172599
12083,6.01502110666958
12090,4.766566957895
12091,4.39927996754304
12094,4.23137363566751
12099,3.70523582209087
12101,2.34792992610555
12110,3.1636635896115
12116,5.93893702708499
12122,3.29916997754853
12127,6.32715658828592
12133,3.87224590818708
12142,1.12130307764406
12147,4.42640394949821
12156,2.57451169244918
12157,5.08037825200263
12158,5.21194201385997
12161,4.32190512365857
12163,4.22961769157758
12166,2.48898179603828
12170,0.792309265407121
12174,5.35857100095158
12183,1.2930530146535
12188,1.28952174905409
12189,4.32930903985179
12192,3.51129351972088
12201,3.00346068644224
12204,0.337741401239898
12207,0.866643361561275
12208,1.94636270122101
12209,3.63754968395796
12210,6.80426502943168
12217,2.90599120722514
12227,1.73975953804825
12231,3.30869426695362
12232,3.81722898889032
12239,5.29833066711423
12240,2.33910473156747
12251,3.0145747549805
12256,4.62902296316846
12261,0.689210601549386
12263,1.95516505319263
12266,0.781868437495878
12267,3.07426001312418
12268,3.91982429858088
12279,4.96697302065094
12280,2.15898260624255
12283,2.6666166384127
12284,0.522371111983354
12285,5.91524382886089
12286,5.34420797979016
12292,4.74791203197959
12295,1.97418287987492
12301,4.00957320958542
12314,2.43274926396711
12315,0.467169133788422
12318,1.0765075244324
12332,5.19871815926212
12334,1.22562581572634
12337,3.75193951869542
12338,4.85107816249595
12349,4.45718564027838
12350,3.25144549898451
12359,5.24737876131077
12360,5.13924832126537
12373,4.53548237873114
12374,1.87026746946504
12380,4.25534282064297
12382,2.99426271790794
12383,2.85627839206337
12390,4.47090580656584
12398,4.59848848021251
12405,3.87072295131804
12407,2.93296379147019
12410,5.63517477005571
12418,6.20573191487164
12421,4.96547997578424
12422,3.17535620528647
12439,1.87951889811099
12444,4.00275101746874
12463,4.98300414817949
12465,1.29822099703536
12470,4.20297695842962
12471,3.68611921686922
12480,4.2746426178772
12482,4.19104342157671
12484,2.93881041597043
12487,4.23866142273302
12491,3.51024194282093
12503,4.52824812865707
12507,1.34333160112391
12526,2.47866670740196
12533,3.17665445563196
12540,1.46034601242007
12543,2.38948663862166
12552,1.91356780925254
12555,6.01381062065695
12556,4.12843239432217
12570,4.07309172209093
12579,3.62338542083603
12588,2.5063155815356
12600,0.8373911177301
12615,5.52770108473084
12624,3.91565047648405
12629,1.5197336954975
12634,2.73849053831153
12638,1.00572281107523
12646,2.18186607187719
12650,0.332354833309882
12665,2.27605615298778
12674,2.95582515685382
12676,0.616634325960029
12678,2.57908762607137
12685,2.73368686005451
12690,3.39260451234149
12698,4.23600887093641
12702,4.43761648875966
12704,3.07437594962569
12705,2.44596248266706
12710,3.42918454425974
12715,5.02412265645563
12720,3.66056720649098
12734,2.04913584235125
12744,3.81928519028227
12747,1.53941598135753
12757,5.42208387243506
12758,1.66454166977371
12766,1.52127077129593
12782,2.89444660465091
12787,0.723120516635042
12799,2.3832307510304
12804,4.83559648072076
12809,2.85017760201388
12813,3.03185307196211
12816,2.87301335596256
12821,4.15749972236122
12826,2.00713241845345
12831,3.94416126945433
12832,3.70227734872049
12833,2.88137414901159
12835,3.94697955898905
12842,1.9940054097359
12844,3.73711720925094
12847,1.04573978656487
12852,2.93392061721069
12856,3.82948611204517
12857,2.93285070027903
12858,5.83104812437905
12861,2.95322286087892
12869,3.85136313411795
12876,3.7951367076819
12877,2.13551000527123
12879,3.22235003669768
12882,4.30723765255011
12883,3.70061024353973
12887,2.48071745101859
12889,3.61376429442429
12891,5.27049635025792
12894,3.25078935876111
12895,1.27032765242929
12899,2.14897123852971
12905,6.88495644531691
12913,1.73285556878911
12916,1.25636559686241
12917,3.04302390287884
12925,3.26389004309627
12934,5.23567232555447
12939,4.96018718960252
12943,1.71020202600709
12950,5.26003023439754
12961,0.241065804357681
12963,2.77291098618678
12973,1.68753955925823
12979,3.79500398115146
12980,0.903427103483922
12981,1.32076210932941
12982,1.55068370470978
12992,2.39155650658577
12994,1.07035500094903
12999,2.78356685436436
13002,3.87328351709897
13004,1.26343614632267
13010,3.05723476531564
13013,3.65325330410734
13015,4.53583671624104
13019,5.30484922175425
13030,1.59545791461459
13031,5.21997549365352
13036,3.39100415146144
13037,4.85028000635149
13042,1.22501949571761
13054,2.54675840088562
13060,1.582841957796
13072,3.21165010801599
13073,2.95532897414662
13079,5.5246662536023
13081,1.91002322212297
13086,2.74419579005611
13087,3.84098571625662
13090,1.9757780806352
13098,3.07071590640982
13100,2.93752606571733
13105,0.857573804299393
13106,3.13220683546198
13107,3.91501947830939
13113,6.71898125567371
13115,4.42476721187275
13117,1.06346001871917
13118,2.92597919152856
13121,1.44876873789633
13137,1.70110960980621
13146,1.28632412156496
13150,5.12017311756911
13151,4.28257660714906
13152,2.32898695893578
13156,3.21787823091138
13165,5.47646376692579
13169,4.38012594259637
13178,3.75741509694832
13180,3.45816239941532
13183,4.29127217757159
13184,0.288083105978411
13188,3.195775674688
13191,3.90209563531717
13196,1.12641041150495
13203,3.70851559613489
13206,2.48387911874442
13211,4.79009957946816
13219,1.19657345886023
13223,5.97785591987406
13226,3.89321799874242
13228,2.57587317131042
13230,4.74192108856072
13240,4.45158103096937
13249,5.21377304324424
13250,1.30333501063995
13256,3.87747037203651
13261,2.10148957064143
13263,2.42798189827339
13268,4.50075282771089
13275,0.804087281134039
13277,5.1894801255153
13283,3.97257634500693
13284,1.42653596531389
13285,2.55609229470557
13286,4.07474126117784
13287,1.65811039695233
13290,3.13936955747386
13291,0.946251539363222
13294,5.4868511171366
13295,2.85120207448194
13303,2.97841430831375
13306,1.08114724502782
13311,4.91830646618441
13322,0.765006525185489
13331,0.581740375832944
13337,5.16494577622132
13344,1.59857729889578
13362,4.96192329797578
13364,2.27395987300013
13366,1.29454724971406
13368,3.03058013014374
13370,2.26320251593657
13377,5.1552176587119
13378,2.43877047513325
13388,0.308554380591562
13392,4.6599363016944
13398,4.57669454932166
13403,4.56826606696399
13404,4.48197727432373
13409,3.83459765483132
13416,0.951933646300716
13422,0.403771611662643
13427,3.74983104717984
13433,5.11539034684236
13438,2.83853363623693
13441,5.29363963523614
13449,5.32410189522015
13450,3.16020857849659
13453,2.40829903137451
13460,2.6320344305147
13461,4.63451787073878
13465,3.71080082545731
13468,1.07186318655428
13481,3.64319200128524
13485,2.26117960524025
13487,5.1333349126973
13490,3.85964971352374
13493,3.07452447427608
13497,2.48196446295892
13508,1.4129734836596
13516,0.472267018097271
13525,3.51745276211003
13533,4.3801052451143
13535,1.66788880836076
13538,3.84832603542352
13545,3.51264642561463
13566,3.16594608634284
13581,2.55926937720003
13584,1.66240341879713
13588,2.47021959963775
13596,2.81204290687265
13600,5.93942710299623
13604,3.81261383441544
13608,2.90828827256897
13611,3.00135144660655
13612,1.52838599821507
13615,3.69347175375328
13616,3.91935568356024
13618,3.63445745829263
13625,1.68530504951801
13628,3.16165456038673
13629,0.51343654531377
13630,5.43888087532656
13633,3.74579021454761
13637,3.97729939851443
13640,1.47892795243757
13641,2.30787483512762
13651,4.45289869725888
13674,3.75179820306852
13684,3.88529340323389
13690,1.79839492315532
13707,3.80194400170119
13709,5.18011707296153
13710,3.34503859291126
13713,5.36563973048982
13724,0.88581933265087
13725,0.490117634021993
13731,2.31762639527525
13736,2.00634563288123
13740,1.19048604350831
13745,5.95598547396112
13748,1.34511138419628
13751,0.742158402749589
13758,1.92322125100619
13762,0.751618979629743
13764,4.33897466189928
13765,1.77539170885043
13769,2.22234104863633
13770,2.14025171998225
13774,4.86582641321459
13787,2.80363781598489
13791,1.11764894134512
13802,2.02929577872715
13807,2.78576675704401
13808,1.72878205927273
13809,1.00048009073887
13810,3.81661475581775
13822,4.34453864945544
13823,3.03172350992333
13825,3.82613652754215
13826,0.728907605132332
13833,3.4949600649059
13837,2.89939279832061
13842,3.66220445586418
13846,2.90220124070718
13852,4.83903014373018
13853,0.872261397202989
13858,1.07931852213562
13860,1.66344911072661
13866,2.07370263019187
13886,0.863286164291126
13887,0.594550929106306
13890,3.1742648505853
13891,3.15366371226458
13893,2.3121556969957
13902,6.07055514184384
13903,1.85581262636734
13908,3.91494870697982
13912,1.81684579577363
13924,1.23462318168673
13928,2.80505229296405
13929,3.58634329654015
13938,4.53558128135182
13939,2.2884330383431
13941,5.11677671502958
13951,1.57353877087124
13962,0.862952732042434
13964,2.3370506778003
13967,2.93140178171563
13971,3.39411951329945
13972,4.13282286381623
13975,0.159354045202434
13977,2.58465726973971
13979,4.218291132264
13983,1.64653243912111
13984,3.29822304316063
13987,1.28971936958574
13994,4.59909364923933
13999,3.00489641707681
14003,5.23980630705283
14008,4.74626215360148
14011,4.68208992092963
14012,2.62576684600926
14016,2.89553634434451
14017,2.87477262912505
14020,1.15766038560801
14027,0.897272141161097
14038,3.86239892459046
14040,5.08223929803937
14042,2.50957664140774
14055,1.67834965252793
14057,4.80468470262568
14060,0.889702892302889
14081,1.56943502472413
14091,3.79065283713039
14111,2.9980114233384
14117,5.20330369849749
14121,3.79465496370437
14122,5.26541204787026
14125,2.12755173709527
14129,1.09256035294867
14135,0.582438399644574
14148,0.727342746934882
14157,3.89757119150942
14161,1.16405021245011
14163,1.70368586824849
14172,3.32602224707131
14180,1.19171215699376
14182,4.61028078032453
14188,2.04292328828245
14191,3.04259977670793
14201,6.52142878164297
14202,3.84199743423805
14213,3.86272302639072
14220,1.05196107276304
14224,2.27496198173895
14231,1.40092231726858
14241,5.15389682517643
14243,4.10453772054907
14245,2.49408441106099
14247,1.80095667523883
14248,2.88949001172775
14252,3.08805514351355
14254,4.34511023480614
14260,3.09770286975991
14269,4.43064450962334
14272,0.968063361068307
14274,3.9427375912905
14279,2.83227350852533
14280,5.28794727930369
14290,3.11386701136257
14298,6.85826574530713
14308,4.37662105657298
14313,4.12640853225075
14316,3.97860241952197
14319,5.49290989932225
14322,0.590168586617359
14323,3.00433265119455
14325,6.06848915702803
14337,4.05696092700513
14339,4.21132376379037
14341,3.1028808399895
14342,5.2723070807074
14346,5.73199033825561
14351,3.88387547424166
14354,1.37140445651224
14355,1.07753318538373
14358,5.97533703064776
14359,0.602248581941084
14364,3.85069816808033
14374,1.23730108432308
14376,2.10109725748008
14382,2.85846949746445
14384,3.08243306874911
14393,1.57256441805595
14398,3.12020676659288
14403,4.24161223588911
14406,0.806538273678298
14408,4.04303574685222
14411,1.64504135682803
14414,4.00743447930092
14418,2.52041461824228
14423,3.99749793063392
14442,4.08360129445692
14443,4.00301800456993
14444,3.00269732365626
14446,3.26973665222615
14455,3.17436336751467
14456,4.51667448272701
14458,3.79024864629896
14464,4.27328972494586
14466,4.98779633585881
14467,2.99868944108802
14469,3.09342833306513
14483,0.610352524857272
14484,3.04721246662358
14490,2.80821912636719
14491,1.97819427017533
14494,3.19087053712715
14496,3.9830334519227
14503,1.49913435169741
14504,2.74925726106135
14505,2.94860472020421
14506,1.05177213367046
14507,1.17540786611231
14512,1.48132458928832
14520,4.74508885142648
14527,2.17456203633763
14531,5.31409999769244
14532,0.73472343049529
14535,2.31828025178479
14543,0.975356851426891
14554,3.92917531596268
14556,5.98808471024591
14557,3.91008662051291
14561,2.26386227393694
14562,3.30398733302407
14567,1.03032676785624
14568,1.27588490351984
14574,3.26351174799297
14575,2.87538476130188
14579,3.11968580208314
14581,3.72306740755369
14582,1.75092657823817
14586,1.68319392639442
14591,2.84046568628024
14598,3.11094456741406
14599,2.98775232239767
14600,1.21364039640608
14612,4.73675061700089
14613,1.7646187945637
14624,5.14952016133829
14626,2.99502112860205
14630,4.29583016858746
14633,1.96152380327533
14639,2.74773562298704
14642,3.59561046258383
14643,4.51916048950673
14649,1.98412473947766
14650,2.12371248947897
14653,2.34863258692497
14655,2.31543030262406
14656,2.3917064710225
14662,3.77219102591994
14663,1.48223054985115
14673,2.70232873003941
14674,2.47974422377463
14676,3.85704646319178
14682,1.87331137435798
14685,4.82196703714989
14689,2.67939229335714
14693,2.95655690248284
14697,2.84075446883857
14700,3.16876729498615
14704,0.749564370194957
14710,3.15265397346771
14719,3.42149420833957
14724,4.4597266715818
14728,4.42212403587505
14735,3.31534326526655
14736,2.37005349947067
14741,1.09353342452332
14744,0.638393466439804
14753,1.24597590046999
14756,4.25531413095677
14762,4.94762368657931
14765,4.68795097879254
14783,4.96749018703919
14784,2.37757855434447
14786,0.664324319689721
14790,1.42211198302917
14793,2.91289625032158
14796,5.55607056318438
14801,1.07436483122116
14807,0.904549499411997
14812,4.14077764137632
14815,5.25677869249763
14831,4.36167441899106
14833,5.81678391339983
14836,5.69046226660917
14856,4.10675921758364
14859,3.09861547841011
14861,3.4367195761301
14863,0.245040022257211
14865,1.61422887713302
14880,1.38291156211677
14881,3.95755739212882
14883,1.294817965725
14884,4.73773821348331
14894,3.90208450459136
14896,4.2170323073046
14899,2.96988339357513
14900,2.9712193719575
14901,2.094051765425
14906,3.67923276912366
14907,1.47738262379095
14915,4.95580421686848
14919,2.37705869859797
14926,5.64124411314152
14927,2.34579783867751
14933,2.90054926231979
14937,2.96538925813179
14939,2.97532845060493
14940,1.83189940234921
14943,1.46484637502287
14953,3.52753614263155
14954,2.50292218321994
14969,3.7312382252904
14999,6.91132138171996
15008,3.87489113389874
15009,3.8627600565006
15018,4.58196210226911
15023,3.86006955764663
15025,1.60926096815021
15034,4.0113071808651
15036,4.36451935508282
15051,1.64464653656334
15052,2.99603514906368
15064,3.66437209660922
15070,3.70800878061068
15074,4.40444748375422
15077,4.57307449811214
15081,3.94731491781712
15086,5.57484257895394
15093,0.617172810394744
15094,0.411970461796655
15103,2.31810642843532
15104,0.987631972453883
15110,1.70053633761674
15112,1.8006304056372
15115,5.21201415432908
15131,1.63108456936252
15139,2.10930007970776
15141,3.61890811518847
15148,0.939916244522787
15154,5.59910448209233
15156,3.06484962297731
15161,1.51988392854832
15167,2.8554771622895
15178,4.22732280660448
15205,4.36047649824498
15207,1.23462994553289
15222,3.71827765191476
15223,4.42198215807588
15225,4.16993764977935
15228,4.32473896110417
15239,2.60352377906637
15241,1.53172760816527
15246,1.40854473169005
15247,1.80718212347052
15249,3.2637057460107
15255,3.30285763051739
15257,1.42161821689799
15267,1.65994897882202
15277,2.8751788810862
15280,5.00557063063407
15289,4.50693122298077
15297,1.63686407513847
15302,0.835668767433545
15304,1.2228937675486
15312,1.42785214845788
15321,0.364008170050863
15325,0.929201411563584
15326,4.54252628926233
15333,4.63892663254466
15337,1.10498626205595
15338,3.39696396194197
15340,5.07724685719543
15342,2.00223860020856
15344,2.9368811567787
15347,0.847616826845022
15349,5.18401844904064
15355,2.79852730318549
15359,1.42309466954397
15366,0.978216424358122
15367,0.382207550275673
15368,1.2192095096025
15369,4.56311918588642
15380,3.70884253348251
15381,3.01481081641544
15387,0.185556281164984
15388,3.09276088303269
15389,0.188439340924058
15392,2.02124551143245
15400,2.83000723136298
15405,3.10980102178836
15407,3.70060368933472
15408,6.43590481870905
15411,3.18649299603942
15413,4.33278709455789
15418,4.73555126464362
15419,5.25202471383129
15421,2.93647475165491
15425,3.01508884839859
15436,3.849350378509
15438,4.1543730297195
15440,4.05153408950431
15443,3.83555586752919
15460,2.5151430086234
15464,1.46484618273716
15465,2.90940018586693
15473,1.30661814515295
15475,1.98408582516002
15483,1.49459995255486
15494,4.71074593288995
15495,6.30067550249024
15498,3.07060423415703
15499,2.97713640019457
15500,0.86371374100295
15501,0.86020923941088
15510,2.21732008098297
15512,2.50875994091518
15516,2.551922899052
15518,5.30497857251017
15519,3.82410793572251
15524,2.89417989897819
15527,1.01037480810777
15529,1.61500803988789
15530,1.43204837796875
15538,0.808664232925122
15539,2.92537583985021
15541,0.649305240248843
15546,1.91161227791833
15547,3.12088731872093
15548,1.44278025367238
15552,1.9177743736276
15556,5.07701777063102
15567,2.88401101062067
15572,2.46148990076495
15573,4.62489946145509
15574,3.69119507598936
15577,0.977217764226081
15579,3.70993014122686
15581,2.50337138133803
15589,1.95974079085331
15596,2.13473093424561
15598,5.0030821951867
15599,4.19617521528875
15605,6.1038950326006
15606,4.38559395388304
15608,3.7835804850829
15616,4.46359837328318
15618,1.1265251708033
15621,1.11563826792248
15626,0.877339976234054
15638,2.60141562859252
15639,1.72366310546047
15642,1.76961108144099
15644,3.01879209584853
15646,5.59259734121814
15649,4.29007226823065
15656,1.67531073895436
15659,0.932556433794621
15680,1.21972173563725
15686,4.38904936062016
15693,1.30956308893299
15697,5.02391198923441
15699,5.10158319503144
15701,4.66623636207795
15705,1.43567372298993
15714,2.6517088279845
15722,4.31152094502091
15728,3.77927072564976
15734,3.08951521375303
15752,1.94556727038926
15756,3.95958644499096
15760,3.99612543822883
15762,4.35435495302823
15767,3.4301432367968
15768,0.837955489548944
15773,5.13219455771327
15774,3.73710269211138
15781,3.48356775479044
15782,3.00386726540639
15784,7.26276105810988
15791,1.71592284243296
15796,4.62370738935321
15798,5.17080645573808
15806,1.06336797683781
15814,0.896422849466702
15819,2.75441474156548
15825,3.67368861633914
15826,4.48352171050836
15831,4.15564414031518
15835,5.74359029117617
15836,1.80168059979644
15839,4.81765703454275
15845,3.15660168009056
15858,1.1037233335795
15859,3.76965441644234
15876,4.57432774209924
15878,4.28612569738846
15880,1.24289474938355
15886,4.39942882389591
15888,2.03123507673536
15891,3.22523810358359
15900,1.58720624102608
15902,4.2032051810135
15904,2.85784480076795
15908,1.88844707313477
15910,1.23510460500063
15917,3.44218780283782
15919,4.91979200820291
15924,2.93045546631638
15927,2.93890702991157
15937,1.54239519398794
15946,3.00081179368015
15949,2.88671152567026
15957,4.88245531024055
15961,4.40766807514749
15964,2.38181333006452
15965,3.20477532028785
15966,1.04500624699357
15978,1.44869887311319
15983,0.843054115456747
15987,2.08041298308621
15988,2.67886978817603
15998,2.60231674690745
16004,2.98235397695787
16008,3.124692532998
16011,0.846886027914412
16023,3.00170927973069
16024,2.48953132970092
16025,2.78557180441777
16048,5.35614317321266
16050,2.13813950706874
16051,1.46202156331044
16057,1.11346339583829
16059,5.34655771392447
16060,3.48356174245639
16075,4.35439480214699
16094,6.12878950452531
16096,5.04495338975302
16116,1.65288385196041
16118,1.9447548018247
16121,2.02103665858636
16122,3.70393903705204
16124,5.83724935812764
16125,3.82549557366268
16126,3.05836094276036
16130,4.19994112729989
